text,label,pred,confidence
Day 338: my 1st iPod from 2005. Had stopped workin years ago!!! Just Came back to life!! Wtf @Apple http://t.co/oiqLRf4ke9,1,0,0.9222476267795856
@ProfessorF @Apple @HP Best smartwatch is still the Pebble.,0,1,0.9152275345809394
@aaronpaul_8 @YoBitch you have to do an android version...  or I'll change to @apple @iPhone,1,0,0.8860687380586869
"@Apple seems to be nailing it with @applepay, building on their success &amp; brand http://t.co/za9T4z6xRN #AppleID #NoMorePaywords",1,0,0.8848899629846035
"I'm happy now, thnx fags. @apple",1,0,0.8469920813221742
@AllenYork @CarlaBarlaCakes @Apple you can already leave snap video messages in Apple txts but they go away in 2 mins if you don't watch,0,1,0.8122332003883684
Ahhhh!! Y el @apple store of course!!!! @MadridXanadu,0,1,0.8096235032528909
"Terrible service at @Apple store in Bethesda, MD. Second time. Will buy my new iPad &amp; cover ($950+) at @BHPhotoVideo. @tim_cook @h_posner",0,1,0.7751638621883141
thanks @apple for making life complicated,0,1,0.7712253419490372
"The Slow Food Movement is a Metaphor for the platform strategy of Apple on iPhone, iPad and Apple Watch. #AAPL",0,1,0.724852824077463
thank you @apple for being such a little troll but putting the option close right above the save tab. LEGENDS,0,1,0.7190677699681826
"@pdbogen Yeah, it's not for everyone. I sold my soul to @Apple a while ago. Thanks for the link!",0,1,0.7183950431663267
@Apple you guys should make pipes too!,1,0,0.7058247194870247
RT @pyalot: @Apple @appleios rolled out #WebGL to #iOS8 3 months ago and just overtook @google @Android in WebGL support levels.,1,0,0.6947128700306544
"Really need tap-to-tweet back, @apple",0,1,0.6740034654021743
Pretty bad @apple my #iphone5 has 20%life left and it is only 11am.,0,1,0.6655934370696829
"It looked like #AAPL was going to be down again today, but it made a turn for the positive.",1,0,0.66477163103309
Thanks to @Etsy @amazon @BestBuy &amp; @apple my postman will be working overtime.,0,1,0.6572702710572677
Apple Inc.'s (AAPL) Momentum Seems Nearly Unstoppable http://t.co/54tGY7Qezx #AAPL,1,0,0.6519773733397958
Thank u @Apple for having outstanding customer service &amp; exchanging a phone case that was clearly not made 4 the power user #customerforlife,1,0,0.6489657221925764
"@macmall is the @united of shopping. you have paid, but you may or not receive your goods (or flight). @apple far better at #custserv",1,0,0.6206924707245823
I bet #SIRI @apple is better some peeps http://t.co/V19M9YnmAn,1,0,0.6192008631688939
@zdarsky @apple Bad Eyesight is for PC and android users.,1,0,0.6181874156344906
@Siri @Apple @SteveJobs @alarmthatdidntgooff this is disrespectful,0,1,0.6062395156708652
# Dyslexic iPhone 6 Users rejoice! Thanks to @apple and 'voice text' hard to spell words are a thing of the past! http://t.co/wjJfLYZme3,1,0,0.6034844545932051
